STT,name,sec_code,stock_exchange
0,CTCP Bao bì Dầu khí Việt Nam,PBP,HNX
1,CTCP Bao bì và In nông nghiệp,INN,HNX
2,CTCP Bao bì Đạm Phú Mỹ,PMP,HNX
3,CTCP Bia Hà Nội - Hải Dương,HAD,HNX
4,CTCP Bia Thanh Hóa,THB,HNX
5,CTCP Bảo vệ thực vật Sài Gòn,SPC,HNX
6,CTCP Bến xe miền Tây,WCS,HNX
7,CTCP Bọc ống dầu khí Việt Nam,PVB,HNX
8,CTCP CNC Capital Việt Nam,KSQ,HNX
9,CTCP Chế tạo máy - Vinacomin,CTT,HNX
10,CTCP Cokyvina,CKV,HNX
11,CTCP Container miền Trung,VSM,HNX
12,CTCP Công nghiệp Tung Kuang,TKU,HNX
13,CTCP Công nghiệp thương mại Sông Đà,STP,HNX
14,CTCP Công trình giao thông Vận tải Quảng Nam,QTC,HNX
15,CTCP Cơ khí Xăng dầu,PMS,HNX
16,CTCP Cơ khí và Khoáng sản Hà Giang,HGM,HNX
17,CTCP Cảng An Giang,CAG,HNX
18,CTCP Cảng Cam Ranh,CCR,HNX
19,CTCP Cảng Nghệ Tĩnh,NAP,HNX
20,CTCP Cảng Rau quả,VGP,HNX
21,CTCP Cảng Đoạn Xá,DXP,HNX
22,CTCP Cảng Đà Nẵng,CDN,HNX
24,CTCP Dược liệu Việt Nam,DVM,HNX
25,CTCP Dược liệu và thực phẩm Việt Nam,VHE,HNX
26,CTCP Dược phẩm Dược liệu Pharmedic,PMC,HNX
27,CTCP Dược phẩm Hà Tây,DHT,HNX
28,CTCP Dược phẩm Phong Phú,PPP,HNX
29,CTCP Dược phẩm Tipharco,DTG,HNX
30,CTCP Dược phẩm trung ương 3,DP3,HNX
31,CTCP Dược thú y Cai Lậy,MKV,HNX
32,CTCP Dịch vụ Bến Thành,BSC,HNX
33,CTCP Dịch vụ Hàng không Sân bay Đà Nẵng,MAS,HNX
34,CTCP Dịch vụ Kỹ thuật Điện lực Dầu khí Việt Nam,PPS,HNX
35,CTCP Dịch vụ phân phối tổng hợp dầu khí,PSD,HNX
36,CTCP Dịch vụ vận tải và thương mại,TJC,HNX
37,CTCP G-AUTOMOBILE,GMA,HNX
38,CTCP GKM HOLDINGS,GKM,HNX
39,CTCP Giao nhận Vận tải Ngoại thương,VNT,HNX
40,CTCP Gạch Men Thanh Thanh,TTC,HNX
41,CTCP Gạch Ngói Cao Cấp,MCC,HNX
42,CTCP Gạch ngói Nhị Hiệp,NHC,HNX
43,CTCP Gạch ngói gốm xây dựng Mỹ Xuân,GMX,HNX
44,CTCP Hãng Sơn Đông Á,HUT,HNX
45,CTCP Hòa Bình Takara,CTP,HNX
46,CTCP Hóa chất Việt Trì,HVT,HNX
47,CTCP Hải Minh,HMH,HNX
48,CTCP KASATI,KST,HNX
49,CTCP Khoáng sản Bắc Kạn,BKC,HNX
50,CTCP Khách sạn Sài Gòn,SGH,HNX
51,CTCP Kim khí miền Trung,KMT,HNX
54,CTCP Kiên Hùng,KHS,HNX
55,CTCP Kỹ Thuật Điện Toàn Cầu,GLT,HNX
56,CTCP Kỹ nghệ khoáng sản Quảng Nam,MIC,HNX
57,CTCP LICOGI 13,LIG,HNX
58,CTCP LICOGI 14,L14,HNX
59,CTCP Lương thực thực phẩm Safoco,SAF,HNX
60,CTCP Lắp máy thí nghiệm cơ điện,LCD,HNX
61,CTCP Mía đường Sơn La,SLS,HNX
62,CTCP Mĩ Thuật và Truyền Thông,ADC,HNX
63,CTCP Ngân Sơn,NST,HNX
64,CTCP Nhân lực và thương mại Vinaconex,VCM,HNX
65,CTCP Nhựa Thiếu niên Tiền Phong,NTP,HNX
66,CTCP Nhựa bao bì Vinh,VBC,HNX
67,CTCP One Capital Hospitality,OCH,HNX
68,CTCP PETRO TIMES,PPT,HNX
69,CTCP Phát triển Hàng hải,VMS,HNX
70,CTCP Phát triển Hạ Tầng Vĩnh Phúc,IDV,HNX
71,CTCP Phát triển Năng Lượng Sơn Hà,SHE,HNX
72,CTCP Phân Bón và Hóa Chất Dầu Khí Miền Trung,PCE,HNX
73,CTCP Phân bón và Hóa chất Dầu khí Miền Bắc,PMB,HNX
74,CTCP Phân bón và Hóa chất dầu khí Tây Nam Bộ,PSW,HNX
75,CTCP Phân lân Ninh Bình,NFC,HNX
76,CTCP Phụ gia nhựa,PGN,HNX
77,CTCP Pin Hà Nội,PHN,HNX
78,CTCP SIMCO Sông Đà,SDA,HNX
79,CTCP Sara Việt Nam,SRA,HNX
80,CTCP Sonadezi Long Bình,SZB,HNX
81,CTCP Supe Phốt phát và Hóa chất Lâm Thao,LAS,HNX
82,CTCP Sách Giáo Dục Tp.Hồ Chí Minh,SGD,HNX
83,CTCP Sách Giáo dục tại TP. Hà Nội,EBS,HNX
84,CTCP Sách giáo dục tại TP Đà Nẵng,DAE,HNX
85,CTCP Sách và Thiết bị trường học TPHCM,STC,HNX
86,CTCP Sách và thiết bị Bình Thuận,BST,HNX
87,CTCP Sách và thiết bị giáo dục Miền Nam,SMN,HNX
88,CTCP Sách và thiết bị trường học Quảng Ninh,QST,HNX
89,CTCP Sách và thiết bị trường học Đà Nẵng,BED,HNX
90,CTCP Sách Đại học - Dạy nghề,HEV,HNX
92,CTCP Sơn Đồng Nai,SDN,HNX
93,CTCP Sản xuất kinh doanh Dược và Trang thiết bị y tế Việt Mỹ,AMV,HNX
94,CTCP Sản xuất và Thương mại nhựa Việt Thành,VTZ,HNX
95,CTCP TM XNK Thủ Đức,TMC,HNX
96,CTCP Tasco,HUT,HNX
97,CTCP Test GSĐC,,HNX
98,CTCP Than Cao Sơn - TKV,CST,HNX
99,CTCP Than Hà Lầm - Vinacomin,HLC,HNX
100,CTCP Than Hà Tu - Vinacomin,THT,HNX
101,CTCP Than Mông Dương - Vinacomin,MDC,HNX
102,CTCP Than Vàng Danh - Vinacomin,TVD,HNX
103,CTCP Thanh Hoa Sông Đà,THS,HNX
104,CTCP Thiết bị Bưu điện,POT,HNX
105,CTCP Thiết kế Xây dựng Thương mại Phúc Thịnh,PTD,HNX
106,CTCP Thuốc sát trùng Cần Thơ,CPC,HNX
107,CTCP Thép Mê Lin,MEL,HNX
108,CTCP Thương mại Bia Hà Nội,HAT,HNX
109,CTCP Thương mại Dịch vụ Vận tải xi măng Hải Phòng,HCT,HNX
110,CTCP Thương mại Hóc Môn,HTC,HNX
111,CTCP Thương mại và Dịch vụ LVA,LBE,HNX
112,CTCP Thương mại và Dịch vụ Tiến Thành,TTH,HNX
113,CTCP Thương mại và Vận tải Petrolimex Hà Nội,PJC,HNX
114,CTCP Thống Nhất,BAX,HNX
116,CTCP Thực phẩm Bích Chi,BCF,HNX
117,CTCP Tin học Viễn thông Petrolimex,PIA,HNX
118,CTCP Trang,TFC,HNX
119,CTCP Truyền Thông số 1,ONE,HNX
120,CTCP Tân Phú Việt Nam,TPP,HNX
121,CTCP Tư vấn xây dựng Điện 4,TV4,HNX
122,CTCP Tư vấn xây dựng điện 3,TV3,HNX
123,CTCP Tư vấn Đầu tư PP Enterprise,PPE,HNX
124,CTCP Tư vấn đầu tư IDICO,INC,HNX
125,CTCP Tập Đoàn Đầu Tư Thăng Long,TIG,HNX
126,CTCP Tập đoàn CMH Việt Nam,CMS,HNX
127,CTCP Tập đoàn COTANA,CSC,HNX
128,CTCP Tập đoàn MBG,MBG,HNX
129,CTCP Tập đoàn Nagakawa,NAG,HNX
130,CTCP Tập đoàn Nhôm Sông Hồng Shalumi,NSH,HNX
131,CTCP Tập đoàn Quản lý Tài sản Trí Việt,TVC,HNX
132,CTCP Tập đoàn Thiên Quang,ITQ,HNX
133,CTCP Tập đoàn Vexilla Việt Nam,SVN,HNX
134,CTCP Tập đoàn Vinacontrol,VNC,HNX
135,CTCP Tập đoàn Xây dựng SCG,SCG,HNX
136,CTCP Tập đoàn Đầu tư Din Capital,PDB,HNX
137,CTCP Tập đoàn Đầu tư IPA,IPA,HNX
138,CTCP VICOSTONE,VCS,HNX
139,CTCP Vicem Bao bì Bút Sơn,BBS,HNX
140,CTCP Vicem Bao bì Bỉm Sơn,BPC,HNX
141,CTCP Vicem Bao bì Hải Phòng,BXH,HNX
142,CTCP Vicem Thạch cao xi măng,TXM,HNX
143,CTCP Viglacera Hạ Long,VHL,HNX
144,CTCP Viglacera Đông Triều,DTC,HNX
145,CTCP Vinaconex 21,V21,HNX
146,CTCP Vinaconex 25,VCC,HNX
147,CTCP Viễn Thông VTC,VTC,HNX
148,CTCP Văn hóa Tân Bình,ALT,HNX
149,CTCP Vải sợi May mặc Miền Bắc,TET,HNX
150,CTCP Vận tải Khí và Hóa chất Việt Nam,PCT,HNX
151,CTCP Vận tải và Dịch vụ Petrolimex Hải Phòng,PTS,HNX
152,CTCP Vận tải và dịch vụ Petrolimex Sài Gòn,PSC,HNX
153,CTCP X20,X20,HNX
154,CTCP XNK Sa Giang,SGC,HNX
155,CTCP Xi măng Bỉm Sơn,BCC,HNX
156,CTCP Xi măng Thái Bình,TBX,HNX
157,CTCP Xi măng Vicem Bút Sơn,BTS,HNX
158,CTCP Xi măng Vicem Hoàng Mai,HOM,HNX
159,CTCP Xuất nhập khẩu Than - Vinacomin,CLM,HNX
160,CTCP XÂY LẮP III PETROLIMEX,PEN,HNX
161,CTCP Xây dựng Sông Hồng,ICG,HNX
162,CTCP Xây dựng Số 1,VC1,HNX
163,CTCP Xây dựng số 12,V12,HNX
164,CTCP Xây dựng và Đầu tư Visicons,VC6,HNX
165,CTCP Xây dựng điện VNECO 8,VE8,HNX
166,CTCP Xây dựng điện VNECO4,VE4,HNX
167,CTCP Xây dựng điện Vneco 3,VE3,HNX
168,CTCP Xây lắp Phát triển nhà Đà Nẵng,NDX,HNX
169,CTCP Xây lắp cơ khí và lương thực thực phẩm,MCF,HNX
170,CTCP Xăng dầu dầu khí Phú Yên,PPY,HNX
171,CTCP chế tạo kết cấu thép VNECO.SSM,SSM,HNX
172,CTCP que hàn điện Việt Đức,QHD,HNX
173,CTCP xuất nhập khẩu Hàng không,ARM,HNX
174,CTCP xây dựng điện VNECO1,VE1,HNX
176,CTCP Đại lý hàng hải Việt Nam,VSA,HNX
178,CTCP Đầu tư CMC,CMC,HNX
179,CTCP Đầu tư Châu Á - Thái Bình Dương,API,HNX
180,CTCP Đầu tư PV2,PV2,HNX
181,CTCP Đầu tư Phát triển Thành Đạt,DTD,HNX
182,CTCP Đầu tư Phát triển Xây dựng - Hội An,DIH,HNX
183,CTCP Đầu tư Sao Thăng Long,DST,HNX
184,CTCP Đầu tư Sản xuất Bảo Ngọc,BNA,HNX
185,CTCP Đầu tư dịch vụ và phát triển xanh,GIC,HNX
186,CTCP Đầu tư phát triển gas đô thị,PCG,HNX
187,CTCP Đầu tư phát triển nhà Đà Nẵng,NDN,HNX
188,CTCP Đầu tư phát triển xây dựng (DIC) số 2,DC2,HNX
189,CTCP Đầu tư tổng hợp Hà Nội,SHN,HNX
190,CTCP Đầu tư và Phát triển Bất động sản HUDLAND,HLD,HNX
191,CTCP Đầu tư và Phát triển Sao Mai (tên cũ CTCP Viễn Liên),UNI,HNX
192,CTCP Đầu tư và Phát triển TDT,TDT,HNX
193,CTCP Đầu tư và Phát triển doanh nghiệp Việt Nam,FID,HNX
194,CTCP Đầu tư và Phát triển giáo dục Phương Nam,SED,HNX
196,CTCP Đầu tư và Thương mại TNG,TNG,HNX
197,CTCP Đầu tư và Xây dựng BDC Việt Nam,MCO,HNX
198,CTCP Đầu tư và Xây dựng Thủy lợi Lâm Đồng,LHC,HNX
199,CTCP Đầu tư và Xây dựng Vina2,VC2,HNX
200,CTCP Đầu tư và Xây dựng số 18 (LICOGI 18),L18,HNX
201,CTCP Đầu tư và phát triển giáo dục Đà Nẵng,DAD,HNX
202,CTCP Đầu tư và xây lắp Constrexim Số 8,CX8,HNX
203,CTCP Đầu tư xây dựng và phát triển đô thị sông Đà,SDU,HNX
205,CTCP Địa ốc Chợ Lớn,RCL,HNX
206,CTCP Đồ hộp Hạ Long,CAN,HNX
207,CTCP Ắc quy Tia Sáng,TSB,HNX
208,CTCP Ống thép Việt Đức VGPIPE,VGS,HNX
209,CÔNG TY CP VINAFREIGHT,VNF,HNX
210,CÔNG TY CỔ PHẦN AAV GROUP,AAV,HNX
211,CÔNG TY CỔ PHẦN ALPHANAM E&C,AME,HNX
214,CÔNG TY CỔ PHẦN DU LỊCH - THƯƠNG MẠI TÂY NINH,TTT,HNX
215,CÔNG TY CỔ PHẦN DỊCH VỤ SÂN BAY QUỐC TẾ CAM RANH,CIA,HNX
216,CÔNG TY CỔ PHẦN KINH DOANH THAN MIỀN BẮC- VINACOMIN,TMB,HNX
217,CÔNG TY CỔ PHẦN PGT HOLDINGS,PGT,HNX
218,CÔNG TY CỔ PHẦN THƯƠNG MẠI VÀ ĐẦU TƯ VI NA TA BA,VTJ,HNX
219,CÔNG TY CỔ PHẦN TẬP ĐOÀN DANH KHÔI,NRC,HNX
220,CÔNG TY CỔ PHẦN XÂY DỰNG SỐ 9 – VC9,VC9,HNX
221,CÔNG TY CỔ PHẦN ĐIỆN CƠ HẢI PHÒNG,DHP,HNX
222,Công Ty Cổ Phần Dược Lâm Đồng (Ladophar),LDP,HNX
223,Công Ty Cổ Phần Nông Nghiệp Hùng Hậu,SJ1,HNX
224,Công Ty Cổ Phần Địa Ốc 11,D11,HNX
225,Công ty CP Bánh kẹo Hải Hà,HHC,HNX
226,Công ty CP SCI E&C,SCI,HNX
227,Công ty CP Sadico Cần Thơ,SDG,HNX
228,Công ty CP Đầu tư IDJ Việt Nam,IDJ,HNX
229,Công ty CP Đầu tư MST,MST,HNX
230,Công ty Cổ phần Tập đoàn BGI,VC7,HNX
231,Công ty Cổ phần Cơ điện miền Trung,CJC,HNX
233,Công ty Cổ phần DS3,DS3,HNX
234,Công ty Cổ phần Dây cáp điện Việt Thái,VTH,HNX
235,Công ty Cổ phần Dược trung ương Mediplantex,MED,HNX
236,Công ty Cổ phần Dệt lưới Sài Gòn,SFN,HNX
238,Công ty Cổ phần Năng lượng và Môi trường VICEM (tên cũ CTCP Vicem Vật tư vận tải xi măng),VTV,HNX
239,Công ty Cổ phần SAMETEL,SMT,HNX
240,Công ty Cổ phần Thaiholdings,THD,HNX
242,Công ty Cổ phần Transimex Logistics,TOT,HNX
244,Công ty Cổ phần Tập đoàn ECI,ECI,HNX
245,Công ty Cổ phần Tập đoàn GCL,KDM,HNX
246,Công ty Cổ phần Tập đoàn Thành Thái,KKC,HNX
247,Công ty Cổ phần Viglacera Tiên Sơn,VIT,HNX
248,Công ty Cổ phần Vimeco,VMC,HNX
249,Công ty Cổ phần Xây dựng 1369,C69,HNX
250,Công ty Cổ phần Xây lắp Thành An 96,TA9,HNX
251,Công ty Cổ phần Đầu tư và Phát triển Công nghệ Văn Lang,VLA,HNX
252,Công ty Cổ phần Đầu tư và Phát triển giáo dục Hà Nội,EID,HNX
253,Công ty Cổ phần Đầu tư và Xây dựng 40,L40,HNX
254,Công ty Cổ phần đầu tư DNA,KSD,HNX
255,Công ty cổ phần Bê tông Hòa Cầm - Intimex,HCC,HNX
256,Công ty cổ phần Bột giặt NET,NET,HNX
257,Công ty cổ phần Chế tạo Bơm Hải Dương,CTB,HNX
258,Công ty cổ phần HTC Holding,CET,HNX
259,Công ty cổ phần Khoáng sản Á Châu,AMC,HNX
260,Công ty cổ phần Logistics PortserCo,PRC,HNX
261,Công ty cổ phần Nhựa Picomat,PCH,HNX
262,Công ty cổ phần PVI,PVI,HNX
263,Công ty cổ phần Phân bón và Hóa chất Dầu khí Đông Nam Bộ,PSE,HNX
264,Công ty cổ phần SCI,S99,HNX
265,Công ty cổ phần Spiral Galaxy,SPI,HNX
266,Công ty cổ phần Sông Đà 11,SJE,HNX
267,Công ty cổ phần Sông Đà 5,SD5,HNX
268,Công ty cổ phần Sông Đà 505,S55,HNX
269,Công ty cổ phần Than Núi Béo – Vinacomin,NBC,HNX
270,Công ty cổ phần Thực phẩm Lâm Đồng,VDL,HNX
271,Công ty cổ phần Tư Vấn Sông Đà,SDC,HNX
272,Công ty cổ phần Tập đoàn C.E.O,CEO,HNX
273,Công ty cổ phần Tập đoàn Giáo dục Trí Việt,CAR,HNX
274,Công ty cổ phần Tập đoàn Macstar,MAC,HNX
275,Công ty cổ phần Tập đoàn Nam Mê Kông,VC3,HNX
276,Công ty cổ phần Tập đoàn Sunshine (Công ty Cổ phần Tập đoàn Real Tech,KSF,HNX
277,Công ty cổ phần Tập đoàn tập đoàn đầu tư ATS,ATS,HNX
278,Công ty cổ phần lâm nông sản thực phẩm Yên Bái,CAP,HNX
279,Công ty cổ phần Đá Hoàng Mai,HMR,HNX
280,Công ty cổ phần Đường Kon Tum,KTS,HNX
281,Công ty cổ phần Đầu tư QP Xanh,HKT,HNX
284,Tổng CT Công nghiệp mỏ Việt Bắc TKV-CTCP,MVB,HNX
285,Tổng CTCP Bảo Hiểm Bưu Điện,PTI,HNX
286,Tổng CTCP Dịch vụ Kỹ thuật Dầu khí Việt Nam,PVS,HNX
287,Tổng CTCP Tái bảo hiểm quốc gia Việt Nam,VNR,HNX
288,Tổng công ty Hoá chất và dịch vụ Dầu khí - CTCP,PVC,HNX
289,Tổng công ty Hóa dầu Petrolimex - CTCP,PLC,HNX
290,Tổng công ty IDICO - CTCP,IDC,HNX
291,Tổng công ty Lâm nghiệp Việt Nam - CTCP,VIF,HNX
292,Tổng công ty Thăng Long-CTCP,TTL,HNX
293,Tổng công ty cổ phần tái bảo hiểm Hà Nội (Tổng công ty cổ phần tái bảo hiểm PVI),PRE,HNX
294,Tổng công ty khoáng sản TKV - CTCP,KSV,HNX
296,CT CP TẬP ĐOÀN DẦU KHÍ AN PHA,ASP,HOSE
297,CT CP Văn Hóa Phương Nam,PNC,HOSE
298,CTCP AN TIẾN INDUSTRIES,HII,HOSE
299,CTCP Bamboo Capital,BCG,HOSE
300,CTCP Bia Sài Gòn - Miền Trung,SMB,HOSE
301,CTCP Bán lẻ kỹ thuật số FPT,FRT,HOSE
302,CTCP BĐS Du lịch Ninh Vân Bay,NVT,HOSE
303,CTCP Bất động sản Khải Hoàn Land,KHG,HOSE
304,CTCP Bất động sản Điện lực miền Trung,LEC,HOSE
305,CTCP Bột giặt LIX,LIX,HOSE
306,CTCP CMC,CVT,HOSE
308,CTCP COMA 18,CIG,HOSE
309,CTCP Cao su Hòa Bình,HRC,HOSE
310,CTCP Cao su Tây Ninh,TRC,HOSE
311,CTCP Cao su Đà Nẵng,DRC,HOSE
312,CTCP Chế biến gỗ Thuận An,GTA,HOSE
313,CTCP Chế biến hàng xuất khẩu Long An,LAF,HOSE
314,CTCP City Auto,CTF,HOSE
315,CTCP Clever Group (tên cũ CTCP Quảng cáo thông minh),ADG,HOSE
316,CTCP Container Việt Nam,VSC,HOSE
317,CTCP Cáp treo Núi Bà Tây Ninh,TCT,HOSE
318,CTCP Công nghiệp Gốm sứ Taicera,TCR,HOSE
319,CTCP Công nghệ Sài gòn Viễn Đông,SVT,HOSE
320,CTCP Công nghệ Tiên Phong,ITD,HOSE
321,CTCP Công nghệ viễn thông Sài Gòn,SGT,HOSE
322,CTCP Công viên nước Đầm Sen,DSN,HOSE
324,CTCP Cảng Đồng Nai,PDN,HOSE
327,CTCP DRH HOLDINGS,DRH,HOSE
328,CTCP Dây và Cáp điện Taya Việt Nam,TYA,HOSE
329,CTCP Dược - Trang Thiết Bị Y Tế Bình Định,DBD,HOSE
330,CTCP Dược Hậu Giang,DHG,HOSE
331,CTCP Dược phẩm Bến Tre,DBT,HOSE
332,CTCP Dược phẩm TW VIDIPHA,VDP,HOSE
334,CTCP Dệt may đầu tư thương mại Thành Công,TCM,HOSE
335,CTCP Dịch Vụ Hàng Hóa Sài Gòn,SCS,HOSE
336,CTCP Dịch vụ Bất động sản Đất Xanh,DXS,HOSE
337,CTCP Dịch vụ Hàng không Taseco,AST,HOSE
338,CTCP Dịch vụ hàng hóa Nội Bài,NCT,HOSE
339,CTCP Dịch vụ tổng hợp Sài Gòn,SVC,HOSE
340,CTCP Dịch vụ Ô tô Hàng Xanh,HAX,HOSE
341,CTCP Everpia,EVE,HOSE
342,CTCP GARMEX SÀI GÒN,GMC,HOSE
343,CTCP Gemadept,GMD,HOSE
344,CTCP Gỗ An Cường,ACG,HOSE
345,CTCP HACISCO,HAS,HOSE
346,CTCP Hoàng Anh Gia Lai,HAG,HOSE
347,CTCP Hàng không VietJet,VJC,HOSE
348,CTCP Hưng Thịnh Incons,HTN,HOSE
349,CTCP Hợp tác kinh tế và xuất nhập khẩu Savimex,SAV,HOSE
350,CTCP ICD Tân cảng - Long Bình,ILB,HOSE
351,CTCP In và Bao bì Mỹ Châu,MCP,HOSE
352,CTCP Kho vận miền Nam,STG,HOSE
353,CTCP Khoan và Dịch vụ Khoan Dầu khí (PV Drilling),PVD,HOSE
354,CTCP Khoáng sản Bình Định,BMC,HOSE
355,CTCP Khoáng sản Công nghiệp Yên Bái,YBM,HOSE
356,CTCP Khoáng sản Fecon,FCM,HOSE
357,CTCP Khử trùng Việt Nam,VFG,HOSE
358,CTCP Kim khí TPHCM - VNSTEEL,HMC,HOSE
359,CTCP Kinh doanh và Phát triển Bình Dương,TDC,HOSE
361,CTCP Kỹ Nghệ Lạnh (SEAREFICO),SRF,HOSE
362,CTCP Lilama 18,LM8,HOSE
363,CTCP Long Hậu,LHG,HOSE
364,CTCP Lọc hóa dầu Bình Sơn,BSR,HOSE
365,CTCP MHC,MHC,HOSE
366,CTCP May Sông Hồng,MSH,HOSE
367,CTCP Mirae,KMR,HOSE
368,CTCP Mía đường Lam Sơn,LSS,HOSE
369,CTCP Nam Việt,ANV,HOSE
370,CTCP Ngoại Thương và Phát triển Đầu tư TP.HCM,FDC,HOSE
371,CTCP Nhiên liệu Sài Gòn,SFC,HOSE
374,CTCP Nhựa An Phát Xanh,AAA,HOSE
375,CTCP Nhựa Bình Minh,BMP,HOSE
376,CTCP Nhựa Tân Đại Hưng,TPC,HOSE
377,CTCP Nông nghiệp Quốc tế Hoàng Anh Gia Lai,HNG,HOSE
378,CTCP Năng lượng và Bất động sản Trường Thành,TEG,HOSE
380,CTCP Phát Triển BĐS Phát Đạt,PDR,HOSE
381,CTCP Phát triển hạ tầng kỹ thuật,IJC,HOSE
382,CTCP Phát triển khu công nghiệp Tín Nghĩa,TIP,HOSE
383,CTCP Phát triển nhà Bà Rịa - Vũng Tàu,HDC,HOSE
384,CTCP Phát triển nhà Thủ Đức,TDH,HOSE
386,CTCP Phát triển Đô thị Từ Liêm,NTL,HOSE
387,CTCP Phân bón Bình Điền,BFC,HOSE
388,CTCP Phân bón Miền Nam,SFG,HOSE
389,CTCP Phân lân nung chảy Văn Điển,VAF,HOSE
391,CTCP Phú Tài,PTB,HOSE
392,CTCP Phục vụ mặt đất Sài Gòn,SGN,HOSE
393,CTCP Quốc Cường Gia Lai,QCG,HOSE
394,CTCP SXKD XNK DV và DT Tân Bình (Tanimex),TIX,HOSE
395,CTCP Siam Brothers Việt Nam,SBV,HOSE
396,CTCP Sonadezi Châu Đức,SZC,HOSE
397,CTCP Sonadezi long thành,SZL,HOSE
399,CTCP Sơn Hà Sài Gòn,SHA,HOSE
400,CTCP Sơn Á Đông,ADP,HOSE
401,CTCP Sản xuất và công nghệ nhựa Pha Lê,PLP,HOSE
402,CTCP Sản xuất và thương mại Nam Hoa,NHT,HOSE
403,CTCP Sợi Thế Kỷ,STK,HOSE
404,CTCP TV-TM-DV Địa ốc Hoàng Quân,HQC,HOSE
406,CTCP Thuận Đức,TDP,HOSE
407,CTCP Thuốc sát trùng Việt Nam,VPS,HOSE
408,CTCP Thép Nam Kim,NKG,HOSE
409,CTCP Thương mại - Dịch vụ Bến Thành,BTT,HOSE
410,CTCP Thương mại Đầu tư Dầu khí Nam Sông Hậu,PSH,HOSE
411,CTCP Thương nghiệp Cà Mau,CMV,HOSE
412,CTCP Thế giới số,DGW,HOSE
413,CTCP Thủy sản Mekong,AAM,HOSE
420,CTCP Tàu cao tốc Superdong - Kiên Giang,SKG,HOSE
422,CTCP TẬP ĐOÀN KIDO,KDC,HOSE
423,CTCP Tập Đoàn Sao Mai,ASM,HOSE
424,CTCP Tập đoàn An Phát Holdings,APH,HOSE
425,CTCP Tập đoàn Công nghệ CMC,CMG,HOSE
426,CTCP Tập đoàn Dabaco Việt Nam,DBC,HOSE
427,CTCP Tập đoàn Hoa Sen,HSG,HOSE
428,CTCP Tập đoàn Hòa Phát,HPG,HOSE
429,CTCP Tập đoàn Hóa chất Đức Giang,DGC,HOSE
430,CTCP Tập đoàn Khách sạn Đông Á,DAH,HOSE
431,CTCP Tập đoàn Masan,MSN,HOSE
432,CTCP Tập đoàn PAN,PAN,HOSE
433,CTCP Tập đoàn Thiên Long,TLG,HOSE
434,CTCP Tập đoàn Thép Tiến Lên,TLH,HOSE
435,CTCP Tập đoàn Tiên Sơn Thanh Hóa,AAT,HOSE
436,CTCP Tập đoàn Yeah1,YEG,HOSE
437,CTCP Tập đoàn bệnh viện TNH,TNH,HOSE
438,CTCP Tập đoàn cơ khí công nghệ cao SIBA,SBG,HOSE
439,CTCP Tập đoàn Đầu tư Địa ốc No Va,NVL,HOSE
440,CTCP Tập đoàn Đức Long Gia Lai,DLG,HOSE
441,CTCP Tổng Công ty Cổ phần Địa ốc Sài Gòn,SGR,HOSE
442,CTCP Vicem Vật liệu xây dựng Đà Nẵng,DXV,HOSE
443,CTCP Victory Capital (Tên cũ: CTCP Đầu tư Hạ tầng và Đô thị Dầu khí),PTL,HOSE
444,CTCP Vinacafe Biên Hòa,VCF,HOSE
445,CTCP Vincom Retail,VRE,HOSE
446,CTCP Vàng bạc đá quý Phú Nhuận,PNJ,HOSE
447,CTCP Vĩnh Hoàn,VHC,HOSE
448,CTCP Vạn Phát Hưng,VPH,HOSE
449,CTCP Vận tải biển Việt Nam,VOS,HOSE
450,CTCP Vận tải dầu khí Thái Bình Dương,PVP,HOSE
451,CTCP Vận tải và Xếp dỡ Hải An,HAH,HOSE
452,CTCP Vận tải xăng dầu VIPCO,VIP,HOSE
453,CTCP Vận tải xăng dầu VITACO,VTO,HOSE
454,CTCP Vận tải xăng dầu đường thủy Petrolimex,PJT,HOSE
455,CTCP Vật tư - Xăng dầu (Comeco),COM,HOSE
456,CTCP Vật tư Kỹ thuật Nông nghiệp Cần Thơ,TSC,HOSE
457,CTCP XNK Petrolimex,PIT,HOSE
458,CTCP XNK Thủy sản Cửu Long An Giang,ACL,HOSE
459,CTCP Xi măng VICEM Hà Tiên,HT1,HOSE
460,CTCP Xuất Nhập Khẩu Y tế Domesco,DMC,HOSE
461,CTCP Xuất nhập khẩu thủy sản Bến Tre,ABT,HOSE
462,CTCP Xây Dựng & Giao Thông Bình Dương,BCE,HOSE
463,CTCP Xây dựng 47,C47,HOSE
464,CTCP Xây dựng Coteccons,CTD,HOSE
465,CTCP Xây dựng DIC Holdings,DC4,HOSE
466,CTCP Xây dựng Phục Hưng Holdings,PHC,HOSE
467,CTCP Xây dựng số 5,SC5,HOSE
468,CTCP Xây lắp Thừa Thiên Huế,HUB,HOSE
469,CTCP chế biến gỗ Đức Thành,GDT,HOSE
470,CTCP xi măng VICEM Hải Vân,HVX,HOSE
471,CTCP Ánh Dương Việt Nam,VNS,HOSE
475,CTCP Đá Núi Nhỏ,NNC,HOSE
476,CTCP Đại Thiên Lộc,DTL,HOSE
477,CTCP Đại lý Giao nhận Vận tải Xếp dỡ Tân Cảng,TCL,HOSE
478,CTCP Đạt Phương,DPG,HOSE
479,CTCP Đầu Tư Phát Triển Thương Mại Viễn Đông,VID,HOSE
480,CTCP Đầu tư - Kinh doanh Nhà,ITC,HOSE
481,CTCP Đầu tư BKG Việt Nam,BKG,HOSE
482,CTCP Đầu tư Du lịch và Phát triển thủy sản,DAT,HOSE
483,CTCP Đầu tư Dịch vụ Hoàng Huy,HHS,HOSE
484,CTCP Đầu tư Dịch vụ Tài chính Hoàng Huy,TCH,HOSE
485,CTCP Đầu tư Hải Phát,HPX,HOSE
486,CTCP Đầu tư LDG,LDG,HOSE
487,CTCP Đầu tư Nhãn Hiệu Việt,ABR,HOSE
488,CTCP Đầu tư Năm Bảy Bảy,NBB,HOSE
489,CTCP Đầu tư Phát triển Công nghiệp - Thương Mại Củ Chi,CCI,HOSE
490,CTCP Đầu tư Phát triển Công nghiệp và Vận tải (TRACODI),TCD,HOSE
491,CTCP Đầu tư Sài Gòn VRG,SIP,HOSE
492,CTCP Đầu tư Sản xuất và thương mại HCD,HCD,HOSE
493,CTCP Đầu tư Thương mại Bất động sản An Dương Thảo Điền,HAR,HOSE
494,CTCP Đầu tư Thương mại Xuất nhập khẩu Việt Phát,VPG,HOSE
495,CTCP Đầu tư Văn Phú - Invest,VPI,HOSE
496,CTCP Đầu tư hạ tầng kỹ thuật TPHCM,CII,HOSE
499,CTCP Đầu tư phát triển hạ tầng IDICO,HTI,HOSE
501,CTCP Đầu tư thương mại SMC,SMC,HOSE
502,CTCP Đầu tư thế giới di động,MWG,HOSE
503,CTCP Đầu tư và Kinh doanh Nhà Khang Điền,KDH,HOSE
504,CTCP Đầu tư và Phát triển Cảng Đình Vũ,DVP,HOSE
505,CTCP Đầu tư và Phát triển Y tế Việt Nhật,JVC,HOSE
506,CTCP Đầu tư và Phát triển Đa quốc gia I.D.I,IDI,HOSE
507,CTCP Đầu tư và Phát triển đô thị Long Giang,LGL,HOSE
509,CTCP Đầu tư và Thương mại Vũ Đăng,SVD,HOSE
510,CTCP Đầu tư và Xây dựng Cấp thoát nước,VSI,HOSE
511,CTCP Đầu tư và Xây dựng HUD1,HU1,HOSE
512,CTCP Đầu tư và Xây dựng Tiền Giang,THG,HOSE
513,CTCP Đầu tư và công nghệ HVC,HVH,HOSE
514,CTCP Đầu tư và phát triển đô thị dầu khí Cửu Long,CCL,HOSE
516,CTCP Đầu tư xây dựng và phát triển đô thị Thăng Long,TLD,HOSE
517,CTCP Đệ Tam,DTA,HOSE
518,CTCP địa ốc First Real,FIR,HOSE
519,CTY CỔ PHẦN KHOÁNG SẢN VÀ VẬT LIỆU XÂY DỰNG LÂM ĐỒNG,LBM,HOSE
520,CÔNG TY CP LOGISTICS VINALINK,VNL,HOSE
521,CÔNG TY CỔ PHẦN ĐẦU TƯ PHÁT TRIỂN CƯỜNG THUẬN IDICO,CTI,HOSE
522,CÔNG TY CỔ PHẦN BIBICA,BBC,HOSE
523,CÔNG TY CỔ PHẦN DỊCH VỤ NÔNG NGHIỆP BÌNH THUẬN,ABS,HOSE
524,CÔNG TY CỔ PHẦN GIỐNG CÂY TRỒNG MIỀN NAM,SSC,HOSE
525,CÔNG TY CỔ PHẦN HALCOM VIỆT NAM,HID,HOSE
526,CÔNG TY CỔ PHẦN KỸ NGHỆ ĐÔ THÀNH,DTT,HOSE
527,CÔNG TY CỔ PHẦN KỸ THUẬT VÀ Ô TÔ TRƯỜNG LONG,HTL,HOSE
528,CÔNG TY CỔ PHẦN LOGISTICS VICEM,HTV,HOSE
529,CÔNG TY CỔ PHẦN MINH HƯNG QUẢNG TRỊ,GMH,HOSE
530,CÔNG TY CỔ PHẦN MIỀN ĐÔNG,MDG,HOSE
531,CÔNG TY CỔ PHẦN NAM VIỆT,NAV,HOSE
532,CÔNG TY CỔ PHẦN SẢN XUẤT KINH DOANH XUẤT NHẬP KHẨU BÌNH THẠNH,GIL,HOSE
533,CÔNG TY CỔ PHẦN SỮA VIỆT NAM,VNM,HOSE
534,CÔNG TY CỔ PHẦN TCO HOLDINGS,TCO,HOSE
535,CÔNG TY CỔ PHẦN THÀNH THÀNH CÔNG - BIÊN HÒA,SBT,HOSE
536,CÔNG TY CỔ PHẦN THÉP VICASA - VNSTEEL,VCA,HOSE
538,CÔNG TY CỔ PHẦN THỰC PHẨM SAO TA,FMC,HOSE
539,CÔNG TY CỔ PHẦN TẬP ĐOÀN PC1,PC1,HOSE
540,CÔNG TY CỔ PHẦN VIETTRONICS TÂN BÌNH,VTB,HOSE
541,CÔNG TY CỔ PHẦN VINPEARL,VPL,HOSE
542,CÔNG TY CỔ PHẦN Ô TÔ TMT,TMT,HOSE
543,CÔNG TY CỔ PHẦN ĐIỆN LỰC GELEX,GEE,HOSE
544,CÔNG TY CỔ PHẦN ĐẦU TƯ HẠ TẦNG GIAO THÔNG ĐÈO CẢ,HHV,HOSE
545,CÔNG TY CỔ PHẦN ĐẦU TƯ TÀI SẢN KOJI,KPF,HOSE
546,CÔNG TY CỔ PHẦN ĐẦU TƯ VÀ XÂY DỰNG 3-2,C32,HOSE
547,CÔNG TY CỔ PHẦN ĐỊA ỐC SÀI GÒN THƯƠNG TÍN,SCR,HOSE
548,Công Ty CP Khoáng sản và Xây dựng Bình Dương,KSB,HOSE
549,Công Ty Cổ Phần Bất động sản và Đầu tư VRC,VRC,HOSE
550,Công Ty Cổ Phần Cao su Bến Thành,BRC,HOSE
551,Công Ty Cổ Phần Dược Phẩm OPC,OPC,HOSE
552,Công Ty Cổ Phần Rạng Đông Holding,RDP,HOSE
553,Công Ty Cổ Phần S.P.M.,SPM,HOSE
554,Công Ty Cổ Phần Transimex,TMS,HOSE
555,Công Ty Cổ Phần Tập Đoàn 911,NO1,HOSE
556,Công Ty Cổ Phần Đại Lý Vận Tải SAFI,SFI,HOSE
557,Công Ty Cổ phần Công nghiệp Cao su Miền Nam,CSM,HOSE
558,Công ty CP Camimex Group,CMX,HOSE
559,Công ty CP Dược phẩm Imexpharm,IMP,HOSE
560,Công ty CP Giống bò sữa Mộc Châu,MCM,HOSE
561,Công ty CP Nafoods Group,NAF,HOSE
562,Công ty CP Phát triển Đô thị Công nghiệp Số 2,D2D,HOSE
563,Công ty CP Pin Ắc quy Miền Nam,PAC,HOSE
564,Công ty CP SAM Holdings,SAM,HOSE
565,Công ty CP Đầu tư Cầu đường CII,LGC,HOSE
566,Công ty CP Đầu tư Nam Long,NLG,HOSE
567,Công ty Cổ Phần Bóng đèn Phích nước Rạng Đông,RAL,HOSE
568,Công ty Cổ Phần Bóng đèn Điện Quang,DQC,HOSE
569,Công ty Cổ Phần Chương Dương,CDC,HOSE
570,Công ty Cổ phần Bao Bì Biên Hòa,SVI,HOSE
571,Công ty Cổ phần Bất động sản Thế Kỷ,CRE,HOSE
572,Công ty Cổ phần Cao su Sao vàng,SRC,HOSE
573,Công ty Cổ phần Cao su Thống Nhất,TNC,HOSE
574,Công ty Cổ phần Cao su Đồng Phú,DPR,HOSE
575,Công ty Cổ phần Cảng Cát Lái,CLL,HOSE
576,Công ty Cổ phần Damsan,ADS,HOSE
577,Công ty Cổ phần Du lịch Thành Thành Công,VNG,HOSE
578,Công ty Cổ phần FPT,FPT,HOSE
579,Công ty Cổ phần Lizen,LCG,HOSE
580,Công ty Cổ phần Nhựa Hà Nội,NHH,HOSE
581,Công ty Cổ phần Nông nghiệp BAF Việt Nam,BAF,HOSE
582,Công ty Cổ phần Phân bón Dầu khí Cà Mau,DCM,HOSE
583,Công ty Cổ phần Quốc tế Sơn Hà,SHI,HOSE
584,Công ty Cổ phần ROX Key Holdings,TN1,HOSE
585,Công ty Cổ phần SJ Group,SJS,HOSE
587,Công ty Cổ phần Traphaco,TRA,HOSE
588,Công ty Cổ phần Tư vấn Xây dựng Điện 2,TV2,HOSE
589,Công ty Cổ phần Tập Đoàn ST8,ST8,HOSE
590,Công ty Cổ phần Tập đoàn ASG,ASG,HOSE
591,Công ty Cổ phần Tập đoàn F.I.T,FIT,HOSE
592,Công ty Cổ phần Tập đoàn GELEX,GEX,HOSE
593,Công ty Cổ phần Tập đoàn HAPACO,HAP,HOSE
594,Công ty Cổ phần Tập đoàn TNT,TNT,HOSE
595,Công ty Cổ phần Tập đoàn Thành Nam,TNI,HOSE
596,Công ty Cổ phần Tập đoàn Tư vấn Đầu tư Xây dựng Kiên Giang,CKG,HOSE
597,Công ty Cổ phần Tập đoàn kỹ nghệ gỗ Trường Thành,TTF,HOSE
598,Công ty Cổ phần Tập đoàn Đại Dương,OGC,HOSE
599,Công ty Cổ phần Tập đoàn Đất Xanh,DXG,HOSE
600,Công ty Cổ phần VINHOMES,VHM,HOSE
601,Công ty Cổ phần Vận tải Sản phẩm khí Quốc tế,GSP,HOSE
602,Công ty Cổ phần công nghệ - viễn thông ELCOM,ELC,HOSE
603,Công ty Cổ phần Đông Hải Bến Tre,DHC,HOSE
604,Công ty Cổ phần Đầu tư và Xây dựng Bình Dương ACC,ACC,HOSE
606,Công ty cổ phần Chế biến Nông sản Hồng Hà Sơn La,HSL,HOSE
607,Công ty cổ phần Create Capital Việt Nam,CRC,HOSE
608,Công ty cổ phần Cát Lợi,CLC,HOSE
609,Công ty cổ phần Cảng Quy Nhơn,QNP,HOSE
610,Công ty cổ phần Dược phẩm Cửu Long,DCL,HOSE
611,Công ty cổ phần FECON,FCN,HOSE
612,Công ty cổ phần HHP GLOBAL,HHP,HOSE
613,Công ty cổ phần Hóa An,DHA,HOSE
614,Công ty cổ phần Hóa chất cơ bản miền Nam,CSV,HOSE
615,Công ty cổ phần Lilama 10,L10,HOSE
616,Công ty cổ phần Sản xuất và Đầu tư Hoàng Gia,RYG,HOSE
617,Công ty cổ phần TEST,CTES,HOSE
618,Công ty cổ phần TM-XNK Thiên Nam,TNA,HOSE
620,Công ty cổ phần Tập đoàn Everland,EVG,HOSE
621,Công ty cổ phần Tập đoàn giống cây trồng Việt Nam,NSC,HOSE
622,Công ty cổ phần Viễn thông - Tin học Bưu điện,ICT,HOSE
623,Công ty cổ phần Y Dược phẩm Vimedimex,VMD,HOSE
624,Công ty cổ phần cao su Phước Hòa,PHR,HOSE
626,Công ty cổ phần thương mại & khai thác khoáng sản Dương Hiếu,DHM,HOSE
627,Công ty cổ phần Đầu tư và Phát triển Bất động sản An Gia,AGG,HOSE
646,Tập đoàn Bảo Việt,BVH,HOSE
647,Tập đoàn Công nghiệp Cao su Việt Nam - CTCP,GVR,HOSE
648,Tập đoàn Vingroup - CTCP,VIC,HOSE
649,Tập đoàn Xăng dầu Việt Nam,PLX,HOSE
650,Tổng CTCP Bia - Rượu - Nước giải khát Hà Nội,BHN,HOSE
651,Tổng CTCP Bia - Rượu - nước giải khát Sài Gòn,SAB,HOSE
652,Tổng CTCP Bảo Minh,BMI,HOSE
653,Tổng CTCP Bảo hiểm Ngân hàng Đầu tư và Phát triển Việt Nam,BIC,HOSE
654,Tổng CTCP Bảo hiểm Quân đội,MIG,HOSE
655,Tổng CTCP Công trình Viettel,CTR,HOSE
656,Tổng CTCP Dệt may Hòa Thọ,HTG,HOSE
657,Tổng CTCP Phân bón và Hóa chất Dầu khí,DPM,HOSE
658,Tổng CTCP Xuất nhập khẩu và Xây dựng Việt Nam (Vinaconex),VCG,HOSE
659,Tổng CTCP Xây Dựng Điện Việt Nam,VNE,HOSE
660,Tổng CTCP Đầu tư phát triển xây dựng,DIG,HOSE
661,Tổng Công Ty Cổ phần Bảo hiểm Petrolimex,PGI,HOSE
662,Tổng Công ty Cổ phần Bưu chính Viettel,VTP,HOSE
664,Tổng Công ty Phát triển Đô thị Kinh Bắc - CTCP,KBC,HOSE
666,Tổng Công ty cổ phần Vận tải dầu khí,PVT,HOSE
667,Tổng Công ty Đầu tư Phát triển Nhà và Đô thị Nam Hà Nội,NHA,HOSE
668,Tổng công ty CP Dịch vụ Tổng Hợp Dầu Khí,PET,HOSE
669,Tổng công ty Hàng không Việt Nam - CTCP,HVN,HOSE
671,Tổng công ty Viglacera - CTCP,VGC,HOSE
672,Tổng công ty Việt Thắng - CTCP,TVT,HOSE
674,Tổng công ty đầu tư và phát triển công nghiệp - CTCP,BCM,HOSE
1,CTCP Nhiệt Điện Bà Rịa,BTP,HOSE
2,CTCP Cấp Nước Bến Thành,BTW,HNX
3,CTCP Nước - Môi Trường Bình Dương,BWE,HOSE
4,CTCP Thủy Điện Miền Trung,CHP,HOSE
5,CTCP Cấp Nước Chợ Lớn,CLW,HOSE
6,CTCP CNG Việt Nam,CNG,HOSE
7,CTCP Đầu Tư Công Nghiệp Xuất Nhập Khẩu Đông Dương,DDG,HNX
8,CTCP Tập Đoàn Alpha Seven,DL1,HNX
9,CTCP Điện Nước Lắp Máy Hải Phòng,DNC,HNX
10,CTCP DNP Holding,DNP,HNX
11,CTCP Thủy Điện - Điện Lực 3,DRL,HOSE
12,Tổng Công Ty Điện Lực TKV - CTCP,DTK,HNX
13,Tổng Công Ty Khí Việt Nam - CTCP,GAS,HOSE
14,CTCP Cấp Nước Gia Định,GDW,HNX
15,CTCP Điện Gia Lai,GEG,HOSE
16,CTCP Tập Đoàn Hà Đô,HDG,HOSE
17,CTCP Thủy Điện Nậm Mu,HJS,HNX
18,CTCP Thủy Điện Hủa Na,HNA,HOSE
19,CTCP Điện Lực Khánh Hòa,KHP,HOSE
20,CTCP Kosy,KOS,HOSE
21,CTCP Nhiệt Điện Ninh Bình,NBP,HNX
22,CTCP Cấp Nước Nhà Bè,NBW,HNX
23,CTCP Điện Lực Dầu Khí Nhơn Trạch 2,NT2,HOSE
24,CTCP Thủy Điện Nước Trong,NTH,HNX
25,Tổng Công Ty Gas Petrolimex - Ctcp,PGC,HOSE
26,CTCP Phân Phối Khí Thấp Áp Dầu Khí Việt Nam,PGD,HOSE
27,CTCP Kinh Doanh Khí Miền Nam,PGS,HNX
28,Tổng Công Ty Phát Điện 3 - CTCP,PGV,HOSE
29,CTCP Đầu Tư Điện Lực 3,PIC,HNX
30,CTCP Đầu Tư Và Sản Xuất Petro Miền Trung,PMG,HOSE
31,Tổng Công Ty Điện Lực Dầu Khí Việt Nam,POW,HOSE
32,CTCP Nhiệt Điện Phả Lại,PPC,HOSE
33,CTCP Đầu Tư Icapital,PTC,HOSE
34,CTCP Kinh Doanh LPG Việt Nam,PVG,HNX
35,CTCP Cơ Điện Lạnh,REE,HOSE
36,CTCP Thủy Điện Sê San 4A,S4A,HOSE
37,CTCP Sông Ba,SBA,HOSE
38,CTCP Sông Đà 9,SD9,HNX
39,CTCP Đầu Tư Và Phát Triển Điện Miền Trung,SEB,HNX
40,CTCP Thủy Điện Miền Nam,SHP,HOSE
41,CTCP Thủy Điện Cần Đơn,SJD,HOSE
42,CTCP Thiết Bị Phụ Tùng Sài Gòn,SMA,HOSE
43,CTCP Thủy Điện Thác Bà,TBC,HOSE
44,CTCP Đầu Tư Tdg Global,TDG,HOSE
45,CTCP Nước Thủ Dầu Một,TDM,HOSE
46,CTCP Cấp Nước Thủ Đức,TDW,HOSE
47,CTCP Thủy Điện Thác Mơ,TMP,HOSE
48,CTCP Đầu Tư Xây Dựng Và Phát Triển Trường Thành,TTA,HOSE
49,CTCP Đầu Tư Năng Lượng Trường Thịnh,TTE,HOSE
50,CTCP Đầu Tư Phát Triển Nhà Và Đô Thị  IDICO,UIC,HOSE
51,CTCP Phát Triển Điện Lực Việt Nam,VPD,HOSE
52,CTCP Thủy Điện Vĩnh Sơn - Sông Hinh,VSH,HOSE